Peptide,Molecular Weight,Instability Index
YRI,581.7278000000001,24.424999999999997
HPLRCRIGDRSIVN,1767.0881999999997,77.04666666666665
RSRDPAPILCVKIDCTNSLFGAVPSRAKYTNHQWILAGHNICFVI,5158.0161,58.641304347826086
